pergunta,tempo,llm
Quais são os direitos dos titulares de dados pessoais conforme a LGPD?,4.726516485214233,sabia2
Como a LGPD se aplica a empresas estrangeiras que operam no Brasil?,4.932127952575684,sabia2
O que são cookies e como a LGPD regulamenta o seu uso?,4.775660514831543,sabia2
Como a LGPD afeta a coleta de dados biométricos?,4.728590250015259,sabia2
Quais são as obrigações das empresas em relação à segurança da informação sob a LGPD?,4.707835912704468,sabia2
Como a LGPD trata dados anonimizados que podem ser reidentificados?,4.849377870559692,sabia2
O que são incidentes de segurança de dados e como devem ser gerenciados segundo a LGPD?,4.811351299285889,sabia2
Como a LGPD influencia as políticas de privacidade e termos de uso das empresas?,5.072962045669556,sabia2
Quais são os desafios de implementação da LGPD para pequenas e médias empresas?,4.734368801116943,sabia2
"Como a LGPD interage com outras legislações internacionais de proteção de dados, como o GDPR?",4.709754943847656,sabia2
